{"page":"https://www.aliexpress.com/premium/category/100005413.html?trafficChannel=ppc&catName=Guitar&CatId=100005413&ltype=premium&SortType=default&page=1&isrefine=y","data":[{"name":[{"text":"send today new Tree of Life Custom red electric guitar pickups paragraph three red guitar"}],"prices":[{"text":"US $199"}],"url_image":[{"img":"https://ae01.alicdn.com/kf/H8a27a2759bb942fd8519690b1bb3a195t/send-today-new-Tree-of-Life-Custom-red-electric-guitar-pickups-paragraph-three-red-guitar.jpg_220x220xz.jpg_.webp"}]},{"name":[{"text":"YAEL 23 Inch Ukulele Mahogany Concert Ukelele 23 Inch Hawaiian Black 4 Strings Small Guitar Guitarra Musical Instruments Gifts"}],"prices":[{"text":"US $24.57"}],"url_image":[{"img":"https://ae01.alicdn.com/kf/Ha23bd20a593a44fc97fe25453ff058ebP/YAEL-23-Inch-Ukulele-Mahogany-Concert-Ukelele-23-Inch-Hawaiian-Black-4-Strings-Small-Guitar-Guitarra.jpg_220x220xz.jpg_.webp"}]},{"name":[{"text":"23 Inch Small Mini Guitar Basswood 6 Strings Acoustic Guitar with Pick Strings Accessory for Beginner Children Kids Gift"}],"prices":[{"text":"US $11.66"}],"url_image":[{"img":"https://ae01.alicdn.com/kf/H5ee41c0043aa45e58ea3ca1de91cceb3P/23-Inch-Small-Mini-Guitar-Basswood-6-Strings-Acoustic-Guitar-with-Pick-Strings-Accessory-for-Beginner.jpg_220x220xz.jpg_.webp"}]},{"name":[{"text":"25 Inch Basswood Acoustic Guitar with Pick Strings for Children and Beginner Send gifts Musical Stringed Instrument hot"}],"prices":[{"text":"US $16.57"}],"url_image":[{"img":"https://ae01.alicdn.com/kf/H6d1dfab96c524e81a64e8795859205cdW/25-Inch-Basswood-Acoustic-Guitar-with-Pick-Strings-for-Children-and-Beginner-Send-gifts-Musical-Stringed.jpg_220x220xz.jpg_.webp"}]},{"name":[{"text":"Hawaii Ukulele Mini Guitar 21 inch Acoustic Ukulele + Plectron"}],"prices":[{"text":"US $12.67"}],"url_image":[{"img":"https://ae01.alicdn.com/kf/H4ddda7c19a45412d825040d3354f707dy/Hawaii-Ukulele-Mini-Guitar-21-inch-Acoustic-Ukulele-Plectron.jpg_220x220xz.jpg_.webp"}]}]}